
<entities xmlns:xsd="http://www.w3.org/2001/XMLSchema" xmlns:xsi="http://www.w3.org/2001/XMLSchema-instance" timestamp="2024-05-23T22:03:40.9127660Z">
  <entity name="msdyn_sustainabilityorganizationalunit" displayname="Organizational unit">
    <records>
      <record id="b534369b-811c-ec11-b6e6-000d3a5bc635">
        <field name="msdyn_addressstreet1" value="170 17th Street Northwest" />
        <field name="msdyn_approvalstatus" value="700610001" />
        <field name="msdyn_addresscity" value="Atlanta" />
        <field name="msdyn_addresscountryisocode" value="USA" />
        <field name="msdyn_countryregioncode" value="7032557b-72ee-5f13-9a62-40482aaece4c" lookupentity="msdyn_countryregion" lookupentityname="United States" />
        <field name="msdyn_description" value="Demo data or other examples are for illustration purposes only and are fictitious.  No real association is intended or inferred." />
        <field name="msdyn_latitude" value="33.7907000000" />
        <field name="msdyn_longitude" value="-84.3941300000" />
        <field name="msdyn_name" value="Contoso USA" />
        <field name="msdyn_organizationalunittype" value="700610002" />
        <field name="msdyn_sustainabilityorganizationalunitid" value="b534369b-811c-ec11-b6e6-000d3a5bc635" />
        <field name="msdyn_addressstateprovince" value="GA" />
        <field name="msdyn_addresszippostalcode" value="30363" />
      </record>
      <record id="b634369b-811c-ec11-b6e6-000d3a5bc635">
        <field name="msdyn_addressstreet1" value="1287 New York street" />
        <field name="msdyn_approvalstatus" value="700610001" />
        <field name="msdyn_addresscity" value="Albany" />
        <field name="msdyn_addresscountryisocode" value="USA" />
        <field name="msdyn_countryregioncode" value="7032557b-72ee-5f13-9a62-40482aaece4c" lookupentity="msdyn_countryregion" lookupentityname="United States" />
        <field name="msdyn_description" value="Demo data or other examples are for illustration purposes only and are fictitious.  No real association is intended or inferred." />
        <field name="msdyn_latitude" value="42.6515500000" />
        <field name="msdyn_longitude" value="-73.7552100000" />
        <field name="msdyn_name" value="Contoso New York" />
        <field name="msdyn_organizationalunittype" value="700610004" />
        <field name="msdyn_sustainabilityorganizationalunitid" value="b634369b-811c-ec11-b6e6-000d3a5bc635" />
        <field name="msdyn_addresszippostalcode" value="12201" />
      </record>
      <record id="b734369b-811c-ec11-b6e6-000d3a5bc635">
        <field name="msdyn_addressstreet1" value="123 Citron Tree St" />
        <field name="msdyn_approvalstatus" value="700610001" />
        <field name="msdyn_addresscity" value="Copenhagen " />
        <field name="msdyn_addresscountryisocode" value="DNK" />
        <field name="msdyn_countryregioncode" value="92d83db5-d42d-c4b0-0420-3c7466efb102" lookupentity="msdyn_countryregion" lookupentityname="Denmark" />
        <field name="msdyn_description" value="Demo data or other examples are for illustration purposes only and are fictitious.  No real association is intended or inferred." />
        <field name="msdyn_latitude" value="55.6760980000" />
        <field name="msdyn_longitude" value="12.5683370000" />
        <field name="msdyn_name" value="Contoso EUR" />
        <field name="msdyn_organizationalunittype" value="700610002" />
        <field name="msdyn_sustainabilityorganizationalunitid" value="b734369b-811c-ec11-b6e6-000d3a5bc635" />
        <field name="msdyn_addresszippostalcode" value="1002 " />
      </record>
      <record id="b834369b-811c-ec11-b6e6-000d3a5bc635">
        <field name="msdyn_addressstreet1" value="170 17th Street Northwest" />
        <field name="msdyn_approvalstatus" value="700610001" />
        <field name="msdyn_addresscity" value="Atlanta" />
        <field name="msdyn_addresscountryisocode" value="USA" />
        <field name="msdyn_countryregioncode" value="7032557b-72ee-5f13-9a62-40482aaece4c" lookupentity="msdyn_countryregion" lookupentityname="United States" />
        <field name="msdyn_description" value="Demo data or other examples are for illustration purposes only and are fictitious.  No real association is intended or inferred." />
        <field name="msdyn_latitude" value="33.7907000000" />
        <field name="msdyn_longitude" value="-84.3941300000" />
        <field name="msdyn_name" value="Contoso Corp" />
        <field name="msdyn_organizationalunittype" value="700610003" />
        <field name="msdyn_sustainabilityorganizationalunitid" value="b834369b-811c-ec11-b6e6-000d3a5bc635" />
        <field name="msdyn_addressstateprovince" value="GA" />
        <field name="msdyn_addresszippostalcode" value="30363" />
      </record>
      <record id="063c64a5-0926-ec11-b6e5-00224806b13b">
        <field name="msdyn_addressstreet1" value="23 MS St" />
        <field name="msdyn_approvalstatus" value="700610001" />
        <field name="msdyn_addresscity" value="Salem" />
        <field name="msdyn_addresscountryisocode" value="USA" />
        <field name="msdyn_countryregioncode" value="7032557b-72ee-5f13-9a62-40482aaece4c" lookupentity="msdyn_countryregion" lookupentityname="United States" />
        <field name="msdyn_description" value="Demo data or other examples are for illustration purposes only and are fictitious.  No real association is intended or inferred." />
        <field name="msdyn_latitude" value="44.9332600000" />
        <field name="msdyn_longitude" value="-123.0438100000" />
        <field name="msdyn_name" value="Contoso Pod Business" />
        <field name="msdyn_organizationalunittype" value="700610002" />
        <field name="msdyn_sustainabilityorganizationalunitid" value="063c64a5-0926-ec11-b6e5-00224806b13b" />
        <field name="msdyn_addressstateprovince" value="OR" />
        <field name="msdyn_addresszippostalcode" value="97301" />
      </record>
      <record id="e3e65071-1c26-ec11-b6e5-00224806b13b">
        <field name="msdyn_addressstreet1" value="11 Carob Tree Road" />
        <field name="msdyn_approvalstatus" value="700610001" />
        <field name="msdyn_addresscity" value="Stilson" />
        <field name="msdyn_addresscountryisocode" value="USA" />
        <field name="msdyn_countryregioncode" value="7032557b-72ee-5f13-9a62-40482aaece4c" lookupentity="msdyn_countryregion" lookupentityname="United States" />
        <field name="msdyn_description" value="Demo data or other examples are for illustration purposes only and are fictitious.  No real association is intended or inferred." />
        <field name="msdyn_latitude" value="47.6080130000" />
        <field name="msdyn_longitude" value="-122.3351670000" />
        <field name="msdyn_name" value="Contoso Ag" />
        <field name="msdyn_organizationalunittype" value="700610002" />
        <field name="msdyn_sustainabilityorganizationalunitid" value="e3e65071-1c26-ec11-b6e5-00224806b13b" />
        <field name="msdyn_addressstateprovince" value="WA" />
        <field name="msdyn_addresszippostalcode" value="77013" />
      </record>
      <record id="1a2d6eac-3726-ec11-b6e5-00224806b13b">
        <field name="msdyn_addressstreet1" value="76 Olive Tree St" />
        <field name="msdyn_approvalstatus" value="700610001" />
        <field name="msdyn_addresscity" value="Singapore" />
        <field name="msdyn_addresscountryisocode" value="SGP" />
        <field name="msdyn_countryregioncode" value="e347c26d-803b-7901-7fb9-a0dbce1f2f90" lookupentity="msdyn_countryregion" lookupentityname="Singapore" />
        <field name="msdyn_description" value="Demo data or other examples are for illustration purposes only and are fictitious.  No real association is intended or inferred." />
        <field name="msdyn_latitude" value="1.3548370000" />
        <field name="msdyn_longitude" value="103.8669910000" />
        <field name="msdyn_name" value="Contoso APAC" />
        <field name="msdyn_organizationalunittype" value="700610004" />
        <field name="msdyn_sustainabilityorganizationalunitid" value="1a2d6eac-3726-ec11-b6e5-00224806b13b" />
        <field name="msdyn_addresszippostalcode" value="069547" />
      </record>
      <record id="b42cce44-3826-ec11-b6e5-00224806b13b">
        <field name="msdyn_addressstreet1" value="170 17th Street Northwest" />
        <field name="msdyn_approvalstatus" value="700610001" />
        <field name="msdyn_addresscity" value="Paddington" />
        <field name="msdyn_addresscountryisocode" value="GBR" />
        <field name="msdyn_countryregioncode" value="cfef92f7-c06c-6e29-c31b-5e993886e6dd" lookupentity="msdyn_countryregion" lookupentityname="United Kingdom" />
        <field name="msdyn_description" value="Demo data or other examples are for illustration purposes only and are fictitious.  No real association is intended or inferred." />
        <field name="msdyn_latitude" value="33.7907000000" />
        <field name="msdyn_longitude" value="-84.3941300000" />
        <field name="msdyn_name" value="Contoso London" />
        <field name="msdyn_organizationalunittype" value="700610004" />
        <field name="msdyn_sustainabilityorganizationalunitid" value="b42cce44-3826-ec11-b6e5-00224806b13b" />
        <field name="msdyn_addresszippostalcode" value="W26BD" />
      </record>
      <record id="09db033d-7426-ec11-b6e5-00224806b13b">
        <field name="msdyn_addressstreet1" value="67 Patagonian Cypress Ave" />
        <field name="msdyn_approvalstatus" value="700610001" />
        <field name="msdyn_addresscity" value="Nairobi" />
        <field name="msdyn_addresscountryisocode" value="KEN" />
        <field name="msdyn_countryregioncode" value="95fa58ba-3408-b9d3-998f-09804cc932ba" lookupentity="msdyn_countryregion" lookupentityname="Kenya" />
        <field name="msdyn_description" value="Demo data or other examples are for illustration purposes only and are fictitious.  No real association is intended or inferred." />
        <field name="msdyn_latitude" value="-1.2857857000" />
        <field name="msdyn_longitude" value="36.8200260000" />
        <field name="msdyn_name" value="Contoso Africa" />
        <field name="msdyn_organizationalunittype" value="700610002" />
        <field name="msdyn_sustainabilityorganizationalunitid" value="09db033d-7426-ec11-b6e5-00224806b13b" />
        <field name="msdyn_addresszippostalcode" value="110 620" />
      </record>
      <record id="1902f89f-7426-ec11-b6e5-00224806b13b">
        <field name="msdyn_addressstreet1" value="1450 Patagonian Cypress Ave" />
        <field name="msdyn_approvalstatus" value="700610001" />
        <field name="msdyn_addresscity" value="Nairobi" />
        <field name="msdyn_addresscountryisocode" value="KEN" />
        <field name="msdyn_countryregioncode" value="95fa58ba-3408-b9d3-998f-09804cc932ba" lookupentity="msdyn_countryregion" lookupentityname="Kenya" />
        <field name="msdyn_description" value="Demo data or other examples are for illustration purposes only and are fictitious.  No real association is intended or inferred." />
        <field name="msdyn_latitude" value="-1.2857857000" />
        <field name="msdyn_longitude" value="36.8200260000" />
        <field name="msdyn_name" value="Contoso Kenya" />
        <field name="msdyn_organizationalunittype" value="700610004" />
        <field name="msdyn_sustainabilityorganizationalunitid" value="1902f89f-7426-ec11-b6e5-00224806b13b" />
        <field name="msdyn_addresszippostalcode" value="110 620" />
      </record>
    </records>
    <m2mrelationships />
  </entity>
</entities>